state,tweet_id,subj,pol,vaderPol,covidCases,employment,outside,creditcardSpend,day-14,day-13,day-12,day-11,day-10,day-9,day-8,day-7,day-6,day-5,day-4,day-3,day-2,day-1,day0,day1,day2,day3,day4,day5,day6,day7,day8,day9,day10,day11,day12,day13,day14
AK,1.245668383193252e+18,0.34309069805667625,0.06486705406075773,0.013840204021227476,166.02597402597402,-0.13463571428571436,-0.1063829220779221,-0.1755125974025974,0.012987012987012988,0.012987012987012988,0.012987012987012988,0.012987012987012988,0.012987012987012988,0.012987012987012988,0.012987012987012988,0.012987012987012988,0.012987012987012988,0.012987012987012988,0.012987012987012988,0.012987012987012988,0.012987012987012988,0.012987012987012988,0.012987012987012988,0.012987012987012988,0.012987012987012988,0.012987012987012988,0.012987012987012988,0.012987012987012988,0.012987012987012988,0.012987012987012988,0.012987012987012988,0.012987012987012988,0.012987012987012988,0.012987012987012988,0.012987012987012988,0.012987012987012988,0.012987012987012988
AL,1.2456900494525878e+18,0.31020638392449457,0.05858280380693104,0.033286678029913405,2822.285714285714,-0.09855250649350648,-0.10553415584415585,-0.13290974025974026,0.012987012987012988,0.012987012987012988,0.012987012987012988,0.012987012987012988,0.012987012987012988,0.012987012987012988,0.012987012987012988,0.012987012987012988,0.012987012987012988,0.012987012987012988,0.012987012987012988,0.012987012987012988,0.012987012987012988,0.012987012987012988,0.012987012987012988,0.012987012987012988,0.012987012987012988,0.012987012987012988,0.012987012987012988,0.012987012987012988,0.012987012987012988,0.012987012987012988,0.012987012987012988,0.012987012987012988,0.012987012987012988,0.012987012987012988,0.012987012987012988,0.012987012987012988,0.012987012987012988
AR,1.245692916753951e+18,0.3106682237253038,0.05118936749017909,0.007015517885095285,1213.6883116883116,-0.08866475324675324,-0.08679736103896103,-0.07013693506493503,0.0,0.0,0.0,0.0,0.0,0.0,0.0,0.0,0.0,0.0,0.0,0.0,0.0,0.0,0.0,0.0,0.0,0.0,0.0,0.0,0.0,0.0,0.0,0.0,0.0,0.0,0.0,0.0,0.0
AZ,1.245683100552981e+18,0.31869550748600367,0.04748897626175478,0.00463875969420611,2999.3636363636365,-0.08263357142857146,-0.11962077922077918,-0.16023441558441556,0.012987012987012988,0.012987012987012988,0.012987012987012988,0.012987012987012988,0.012987012987012988,0.012987012987012988,0.012987012987012988,0.012987012987012988,0.012987012987012988,0.012987012987012988,0.012987012987012988,0.012987012987012988,0.012987012987012988,0.012987012987012988,0.012987012987012988,0.012987012987012988,0.012987012987012988,0.012987012987012988,0.012987012987012988,0.012987012987012988,0.012987012987012988,0.012987012987012988,0.012987012987012988,0.012987012987012988,0.012987012987012988,0.012987012987012988,0.012987012987012988,0.012987012987012988,0.012987012987012988
CA,1.2456798392966065e+18,0.31003537105523477,0.048484732742904796,0.017536176683797765,19742.896103896102,-0.1206238961038961,-0.16944122077922077,-0.21625883116883118,0.012987012987012988,0.012987012987012988,0.012987012987012988,0.012987012987012988,0.012987012987012988,0.012987012987012988,0.012987012987012988,0.012987012987012988,0.012987012987012988,0.012987012987012988,0.012987012987012988,0.012987012987012988,0.012987012987012988,0.012987012987012988,0.012987012987012988,0.012987012987012988,0.012987012987012988,0.012987012987012988,0.012987012987012988,0.012987012987012988,0.012987012987012988,0.012987012987012988,0.012987012987012988,0.012987012987012988,0.012987012987012988,0.012987012987012988,0.012987012987012988,0.012987012987012988,0.012987012987012988
CO,1.245685944039131e+18,0.3160533317098393,0.04947724756095219,0.025263699924952348,5955.25974025974,-0.09959262337662338,-0.14839344935064935,-0.20094887012987014,0.012987012987012988,0.012987012987012988,0.012987012987012988,0.012987012987012988,0.012987012987012988,0.012987012987012988,0.012987012987012988,0.012987012987012988,0.012987012987012988,0.012987012987012988,0.012987012987012988,0.012987012987012988,0.012987012987012988,0.012987012987012988,0.012987012987012988,0.012987012987012988,0.012987012987012988,0.012987012987012988,0.012987012987012988,0.012987012987012988,0.012987012987012988,0.012987012987012988,0.012987012987012988,0.012987012987012988,0.012987012987012988,0.012987012987012988,0.012987012987012988,0.012987012987012988,0.012987012987012988
CT,1.2456970979382868e+18,0.3161982421505875,0.05060853386393018,0.015395739452154349,10278.83116883117,-0.13587272727272723,-0.15694843636363637,-0.2137348831168831,0.012987012987012988,0.012987012987012988,0.012987012987012988,0.012987012987012988,0.012987012987012988,0.012987012987012988,0.012987012987012988,0.012987012987012988,0.012987012987012988,0.012987012987012988,0.012987012987012988,0.012987012987012988,0.012987012987012988,0.012987012987012988,0.012987012987012988,0.012987012987012988,0.012987012987012988,0.012987012987012988,0.012987012987012988,0.012987012987012988,0.012987012987012988,0.012987012987012988,0.012987012987012988,0.012987012987012988,0.012987012987012988,0.012987012987012988,0.012987012987012988,0.012987012987012988,0.012987012987012988
DC,1.2457000869587866e+18,0.3143998510536808,0.06609507655833453,0.044876607261736805,1665.2467532467533,-0.10233480519480517,-0.1974530129870131,-0.3125890909090908,0.012987012987012988,0.012987012987012988,0.012987012987012988,0.012987012987012988,0.012987012987012988,0.012987012987012988,0.012987012987012988,0.012987012987012988,0.012987012987012988,0.012987012987012988,0.012987012987012988,0.012987012987012988,0.012987012987012988,0.012987012987012988,0.012987012987012988,0.012987012987012988,0.012987012987012988,0.012987012987012988,0.012987012987012988,0.012987012987012988,0.012987012987012988,0.012987012987012988,0.012987012987012988,0.012987012987012988,0.012987012987012988,0.012987012987012988,0.012987012987012988,0.012987012987012988,0.012987012987012988
DE,1.245699734686501e+18,0.2515165281977075,0.029278856045418838,-0.0018362677805083614,1632.6493506493507,-0.11049958181818184,-0.13974519480519476,-0.23087272727272723,0.012987012987012988,0.012987012987012988,0.012987012987012988,0.012987012987012988,0.012987012987012988,0.012987012987012988,0.012987012987012988,0.012987012987012988,0.012987012987012988,0.012987012987012988,0.012987012987012988,0.012987012987012988,0.012987012987012988,0.012987012987012988,0.012987012987012988,0.012987012987012988,0.012987012987012988,0.012987012987012988,0.012987012987012988,0.012987012987012988,0.012987012987012988,0.012987012987012988,0.012987012987012988,0.012987012987012988,0.012987012987012988,0.012987012987012988,0.012987012987012988,0.012987012987012988,0.012987012987012988
FL,1.245693690348636e+18,0.2973721378371882,0.04553318526538274,0.008774478751948965,14076.701298701299,-0.09859790909090907,-0.1387582662337663,-0.140614935064935,0.012987012987012988,0.012987012987012988,0.012987012987012988,0.012987012987012988,0.012987012987012988,0.012987012987012988,0.012987012987012988,0.012987012987012988,0.012987012987012988,0.012987012987012988,0.012987012987012988,0.012987012987012988,0.012987012987012988,0.012987012987012988,0.012987012987012988,0.012987012987012988,0.012987012987012988,0.012987012987012988,0.012987012987012988,0.012987012987012988,0.012987012987012988,0.012987012987012988,0.012987012987012988,0.012987012987012988,0.012987012987012988,0.012987012987012988,0.012987012987012988,0.012987012987012988,0.012987012987012988
GA,1.2456924561575455e+18,0.3060651313907037,0.04761823513163278,0.014602758334411114,9988.09090909091,-0.11276216883116882,-0.12951816883116882,-0.1645727272727273,0.012987012987012988,0.012987012987012988,0.012987012987012988,0.012987012987012988,0.012987012987012988,0.012987012987012988,0.012987012987012988,0.012987012987012988,0.012987012987012988,0.012987012987012988,0.012987012987012988,0.012987012987012988,0.012987012987012988,0.012987012987012988,0.012987012987012988,0.012987012987012988,0.012987012987012988,0.012987012987012988,0.012987012987012988,0.012987012987012988,0.012987012987012988,0.012987012987012988,0.012987012987012988,0.012987012987012988,0.012987012987012988,0.012987012987012988,0.012987012987012988,0.012987012987012988,0.012987012987012988
HI,1.2456624918124756e+18,0.3061045665924294,0.0497047285485188,0.034967379071947316,293.7142857142857,-0.22448311688311684,-0.1657921025974026,-0.11156112987012987,0.012987012987012988,0.012987012987012988,0.012987012987012988,0.012987012987012988,0.012987012987012988,0.012987012987012988,0.012987012987012988,0.012987012987012988,0.012987012987012988,0.012987012987012988,0.012987012987012988,0.012987012987012988,0.012987012987012988,0.012987012987012988,0.012987012987012988,0.012987012987012988,0.012987012987012988,0.012987012987012988,0.012987012987012988,0.012987012987012988,0.012987012987012988,0.012987012987012988,0.012987012987012988,0.012987012987012988,0.012987012987012988,0.012987012987012988,0.012987012987012988,0.012987012987012988,0.012987012987012988
IA,1.2456946746923026e+18,0.32511141983149244,0.06925700511825007,0.027834248105152268,2449.025974025974,-0.10815374025974028,-0.10759831168831173,-0.1972372727272728,0.0,0.0,0.0,0.0,0.0,0.0,0.0,0.0,0.0,0.0,0.0,0.0,0.0,0.0,0.0,0.0,0.0,0.0,0.0,0.0,0.0,0.0,0.0,0.0,0.0,0.0,0.0,0.0,0.0
ID,1.2458577390615578e+18,0.31014561954282865,0.05903750764233254,0.007771579656655767,916.9342105263158,-0.08161355263157892,-0.09383315789473684,-0.10352815789473686,0.013157894736842105,0.013157894736842105,0.013157894736842105,0.013157894736842105,0.013157894736842105,0.013157894736842105,0.013157894736842105,0.013157894736842105,0.013157894736842105,0.013157894736842105,0.013157894736842105,0.013157894736842105,0.013157894736842105,0.013157894736842105,0.013157894736842105,0.013157894736842105,0.013157894736842105,0.013157894736842105,0.013157894736842105,0.013157894736842105,0.013157894736842105,0.013157894736842105,0.013157894736842105,0.013157894736842105,0.013157894736842105,0.013157894736842105,0.013157894736842105,0.013157894736842105,0.013157894736842105
IL,1.2456917990049418e+18,0.304619737166914,0.05208420901858646,0.018203861808514736,19579.597402597403,-0.09224285714285711,-0.14766974025974025,-0.1880376623376623,0.012987012987012988,0.012987012987012988,0.012987012987012988,0.012987012987012988,0.012987012987012988,0.012987012987012988,0.012987012987012988,0.012987012987012988,0.012987012987012988,0.012987012987012988,0.012987012987012988,0.012987012987012988,0.012987012987012988,0.012987012987012988,0.012987012987012988,0.012987012987012988,0.012987012987012988,0.012987012987012988,0.012987012987012988,0.012987012987012988,0.012987012987012988,0.012987012987012988,0.012987012987012988,0.012987012987012988,0.012987012987012988,0.012987012987012988,0.012987012987012988,0.012987012987012988,0.012987012987012988
IN,1.245697650080421e+18,0.3129649477868763,0.04750086231706185,0.028035374189828446,6772.207792207792,-0.10790993636363636,-0.12338558441558439,-0.15470519480519482,0.012987012987012988,0.012987012987012988,0.012987012987012988,0.012987012987012988,0.012987012987012988,0.012987012987012988,0.012987012987012988,0.012987012987012988,0.012987012987012988,0.012987012987012988,0.012987012987012988,0.012987012987012988,0.012987012987012988,0.012987012987012988,0.012987012987012988,0.012987012987012988,0.012987012987012988,0.012987012987012988,0.012987012987012988,0.012987012987012988,0.012987012987012988,0.012987012987012988,0.012987012987012988,0.012987012987012988,0.012987012987012988,0.012987012987012988,0.012987012987012988,0.012987012987012988,0.012987012987012988
KS,1.2456872245578578e+18,0.32555529504480374,0.05749987243053119,0.0345179121483959,1511.3896103896104,-0.0886812857142857,-0.11023038961038961,-0.13465896103896102,0.012987012987012988,0.012987012987012988,0.012987012987012988,0.012987012987012988,0.012987012987012988,0.012987012987012988,0.012987012987012988,0.012987012987012988,0.012987012987012988,0.012987012987012988,0.012987012987012988,0.012987012987012988,0.012987012987012988,0.012987012987012988,0.012987012987012988,0.012987012987012988,0.012987012987012988,0.012987012987012988,0.012987012987012988,0.012987012987012988,0.012987012987012988,0.012987012987012988,0.012987012987012988,0.012987012987012988,0.012987012987012988,0.012987012987012988,0.012987012987012988,0.012987012987012988,0.012987012987012988
KY,1.245697452612848e+18,0.31390282375538753,0.056229464463554486,0.02685147331545596,1762.6623376623377,-0.10989467532467535,-0.11339766233766238,-0.11061612987012988,0.012987012987012988,0.012987012987012988,0.012987012987012988,0.012987012987012988,0.012987012987012988,0.012987012987012988,0.012987012987012988,0.012987012987012988,0.012987012987012988,0.012987012987012988,0.012987012987012988,0.012987012987012988,0.012987012987012988,0.012987012987012988,0.012987012987012988,0.012987012987012988,0.012987012987012988,0.012987012987012988,0.012987012987012988,0.012987012987012988,0.012987012987012988,0.012987012987012988,0.012987012987012988,0.012987012987012988,0.012987012987012988,0.012987012987012988,0.012987012987012988,0.012987012987012988,0.012987012987012988
LA,1.2456897380632799e+18,0.3125059080371426,0.04022354668193128,0.009663941862658173,12428.246753246753,-0.13220097402597403,-0.12272311688311686,-0.13665038961038964,0.012987012987012988,0.012987012987012988,0.012987012987012988,0.012987012987012988,0.012987012987012988,0.012987012987012988,0.012987012987012988,0.012987012987012988,0.012987012987012988,0.012987012987012988,0.012987012987012988,0.012987012987012988,0.012987012987012988,0.012987012987012988,0.012987012987012988,0.012987012987012988,0.012987012987012988,0.012987012987012988,0.012987012987012988,0.012987012987012988,0.012987012987012988,0.012987012987012988,0.012987012987012988,0.012987012987012988,0.012987012987012988,0.012987012987012988,0.012987012987012988,0.012987012987012988,0.012987012987012988
MA,1.2456972210971146e+18,0.31034786623902927,0.06657989875657663,0.04339943856721828,22412.428571428572,-0.159699038961039,-0.17880073246753245,-0.19476441558441562,0.012987012987012988,0.012987012987012988,0.012987012987012988,0.012987012987012988,0.012987012987012988,0.012987012987012988,0.012987012987012988,0.012987012987012988,0.012987012987012988,0.012987012987012988,0.012987012987012988,0.012987012987012988,0.012987012987012988,0.012987012987012988,0.012987012987012988,0.012987012987012988,0.012987012987012988,0.012987012987012988,0.012987012987012988,0.012987012987012988,0.012987012987012988,0.012987012987012988,0.012987012987012988,0.012987012987012988,0.012987012987012988,0.012987012987012988,0.012987012987012988,0.012987012987012988,0.012987012987012988
MD,1.24569480277122e+18,0.29869253524032235,0.056325714981306355,0.024549169547083714,8005.272727272727,-0.10557651948051949,-0.16872123376623374,-0.198295948051948,0.012987012987012988,0.012987012987012988,0.012987012987012988,0.012987012987012988,0.012987012987012988,0.012987012987012988,0.012987012987012988,0.012987012987012988,0.012987012987012988,0.012987012987012988,0.012987012987012988,0.012987012987012988,0.012987012987012988,0.012987012987012988,0.012987012987012988,0.012987012987012988,0.012987012987012988,0.012987012987012988,0.012987012987012988,0.012987012987012988,0.012987012987012988,0.012987012987012988,0.012987012987012988,0.012987012987012988,0.012987012987012988,0.012987012987012988,0.012987012987012988,0.012987012987012988,0.012987012987012988
ME,1.245694769992851e+18,0.30701525506493216,0.049789065824830815,0.018991263757240234,482.61038961038963,-0.15261272727272726,-0.12066701298701298,-0.0914202597402597,0.012987012987012988,0.012987012987012988,0.012987012987012988,0.012987012987012988,0.012987012987012988,0.012987012987012988,0.012987012987012988,0.012987012987012988,0.012987012987012988,0.012987012987012988,0.012987012987012988,0.012987012987012988,0.012987012987012988,0.012987012987012988,0.012987012987012988,0.012987012987012988,0.012987012987012988,0.012987012987012988,0.012987012987012988,0.012987012987012988,0.012987012987012988,0.012987012987012988,0.012987012987012988,0.012987012987012988,0.012987012987012988,0.012987012987012988,0.012987012987012988,0.012987012987012988,0.012987012987012988
MI,1.2456896243494892e+18,0.31886712981692344,0.052270635755301866,0.019579193262823487,16962.844155844155,-0.17703889610389612,-0.16057601298701302,-0.14763168831168824,0.012987012987012988,0.012987012987012988,0.012987012987012988,0.012987012987012988,0.012987012987012988,0.012987012987012988,0.012987012987012988,0.012987012987012988,0.012987012987012988,0.012987012987012988,0.012987012987012988,0.012987012987012988,0.012987012987012988,0.012987012987012988,0.012987012987012988,0.012987012987012988,0.012987012987012988,0.012987012987012988,0.012987012987012988,0.012987012987012988,0.012987012987012988,0.012987012987012988,0.012987012987012988,0.012987012987012988,0.012987012987012988,0.012987012987012988,0.012987012987012988,0.012987012987012988,0.012987012987012988
MN,1.2456857060910244e+18,0.3168934453520787,0.06847653804897814,0.052759082433785964,1994.090909090909,-0.12078338961038962,-0.14725770129870133,-0.17350901298701304,0.012987012987012988,0.012987012987012988,0.012987012987012988,0.012987012987012988,0.012987012987012988,0.012987012987012988,0.012987012987012988,0.012987012987012988,0.012987012987012988,0.012987012987012988,0.012987012987012988,0.012987012987012988,0.012987012987012988,0.012987012987012988,0.012987012987012988,0.012987012987012988,0.012987012987012988,0.012987012987012988,0.012987012987012988,0.012987012987012988,0.012987012987012988,0.012987012987012988,0.012987012987012988,0.012987012987012988,0.012987012987012988,0.012987012987012988,0.012987012987012988,0.012987012987012988,0.012987012987012988
MO,1.245691109105027e+18,0.30853498653070116,0.05977337601807595,0.03386632050193453,3128.935064935065,-0.08752051948051945,-0.10736090909090909,-0.13105775324675323,0.012987012987012988,0.012987012987012988,0.012987012987012988,0.012987012987012988,0.012987012987012988,0.012987012987012988,0.012987012987012988,0.012987012987012988,0.012987012987012988,0.012987012987012988,0.012987012987012988,0.012987012987012988,0.012987012987012988,0.012987012987012988,0.012987012987012988,0.012987012987012988,0.012987012987012988,0.012987012987012988,0.012987012987012988,0.012987012987012988,0.012987012987012988,0.012987012987012988,0.012987012987012988,0.012987012987012988,0.012987012987012988,0.012987012987012988,0.012987012987012988,0.012987012987012988,0.012987012987012988
MS,1.2456869943776507e+18,0.3074301421137545,0.02936929827600741,0.0017472986896538397,2582.8311688311687,-0.09060925974025973,-0.09852909090909091,-0.14252685714285715,0.012987012987012988,0.012987012987012988,0.012987012987012988,0.012987012987012988,0.012987012987012988,0.012987012987012988,0.012987012987012988,0.012987012987012988,0.012987012987012988,0.012987012987012988,0.012987012987012988,0.012987012987012988,0.012987012987012988,0.012987012987012988,0.012987012987012988,0.012987012987012988,0.012987012987012988,0.012987012987012988,0.012987012987012988,0.012987012987012988,0.012987012987012988,0.012987012987012988,0.012987012987012988,0.012987012987012988,0.012987012987012988,0.012987012987012988,0.012987012987012988,0.012987012987012988,0.012987012987012988
MT,1.2460586594694592e+18,0.3135701078004765,0.03840882672233287,0.001802610185620453,230.61333333333334,-0.12918297333333337,-0.09970479999999995,-0.13050266666666668,0.013333333333333334,0.013333333333333334,0.013333333333333334,0.013333333333333334,0.013333333333333334,0.013333333333333334,0.013333333333333334,0.013333333333333334,0.013333333333333334,0.013333333333333334,0.013333333333333334,0.013333333333333334,0.013333333333333334,0.013333333333333334,0.013333333333333334,0.013333333333333334,0.013333333333333334,0.013333333333333334,0.013333333333333334,0.013333333333333334,0.013333333333333334,0.013333333333333334,0.013333333333333334,0.013333333333333334,0.013333333333333334,0.013333333333333334,0.013333333333333334,0.013333333333333334,0.013333333333333334
NC,1.2456959240803395e+18,0.30281275387460554,0.05598357643030412,0.03375300904178203,3953.961038961039,-0.11298792207792208,-0.11505519480519484,-0.1771664675324675,0.012987012987012988,0.012987012987012988,0.012987012987012988,0.012987012987012988,0.012987012987012988,0.012987012987012988,0.012987012987012988,0.012987012987012988,0.012987012987012988,0.012987012987012988,0.012987012987012988,0.012987012987012988,0.012987012987012988,0.012987012987012988,0.012987012987012988,0.012987012987012988,0.012987012987012988,0.012987012987012988,0.012987012987012988,0.012987012987012988,0.012987012987012988,0.012987012987012988,0.012987012987012988,0.012987012987012988,0.012987012987012988,0.012987012987012988,0.012987012987012988,0.012987012987012988,0.012987012987012988
ND,1.2459565326900954e+18,0.3316678501357861,0.059490064020742216,0.005348383886483891,381.6933333333333,-0.16271026666666666,-0.12277906666666669,-0.07828106666666666,0.0,0.0,0.0,0.0,0.0,0.0,0.0,0.0,0.0,0.0,0.0,0.0,0.0,0.0,0.0,0.0,0.0,0.0,0.0,0.0,0.0,0.0,0.0,0.0,0.0,0.0,0.0,0.0,0.0
NE,1.245874392778729e+18,0.3111667629981687,0.07100178327324957,0.04285904111464586,1492.578947368421,-0.06794013157894736,-0.11672106578947367,-0.14339710526315788,0.0,0.0,0.0,0.0,0.0,0.0,0.0,0.0,0.0,0.0,0.0,0.0,0.0,0.0,0.0,0.0,0.0,0.0,0.0,0.0,0.0,0.0,0.0,0.0,0.0,0.0,0.0,0.0,0.0
NH,1.2456991175785912e+18,0.28411106615369597,0.05047467780170284,0.03259095171961415,858.7142857142857,-0.15481350649350648,-0.14343945454545454,-0.11135022077922077,0.012987012987012988,0.012987012987012988,0.012987012987012988,0.012987012987012988,0.012987012987012988,0.012987012987012988,0.012987012987012988,0.012987012987012988,0.012987012987012988,0.012987012987012988,0.012987012987012988,0.012987012987012988,0.012987012987012988,0.012987012987012988,0.012987012987012988,0.012987012987012988,0.012987012987012988,0.012987012987012988,0.012987012987012988,0.012987012987012988,0.012987012987012988,0.012987012987012988,0.012987012987012988,0.012987012987012988,0.012987012987012988,0.012987012987012988,0.012987012987012988,0.012987012987012988,0.012987012987012988
NJ,1.2456941143792463e+18,0.31136165359442375,0.04901825792633516,0.018269970271141137,46575.03896103896,-0.14756163636363634,-0.1930451948051948,-0.17086849350649347,0.012987012987012988,0.012987012987012988,0.012987012987012988,0.012987012987012988,0.012987012987012988,0.012987012987012988,0.012987012987012988,0.012987012987012988,0.012987012987012988,0.012987012987012988,0.012987012987012988,0.012987012987012988,0.012987012987012988,0.012987012987012988,0.012987012987012988,0.012987012987012988,0.012987012987012988,0.012987012987012988,0.012987012987012988,0.012987012987012988,0.012987012987012988,0.012987012987012988,0.012987012987012988,0.012987012987012988,0.012987012987012988,0.012987012987012988,0.012987012987012988,0.012987012987012988,0.012987012987012988
NM,1.2456890443779773e+18,0.30950013672759813,0.04238431960709599,0.00016283381629352827,1217.8701298701299,-0.10910370129870128,-0.11995793506493509,-0.18689454545454545,0.012987012987012988,0.012987012987012988,0.012987012987012988,0.012987012987012988,0.012987012987012988,0.012987012987012988,0.012987012987012988,0.012987012987012988,0.012987012987012988,0.012987012987012988,0.012987012987012988,0.012987012987012988,0.012987012987012988,0.012987012987012988,0.012987012987012988,0.012987012987012988,0.012987012987012988,0.012987012987012988,0.012987012987012988,0.012987012987012988,0.012987012987012988,0.012987012987012988,0.012987012987012988,0.012987012987012988,0.012987012987012988,0.012987012987012988,0.012987012987012988,0.012987012987012988,0.012987012987012988
NV,1.24568283182115e+18,0.29313643631471936,0.039859605075426775,-0.004075282813433588,2099.12987012987,-0.15497263636363634,-0.15044461558441558,-0.20782807792207797,0.012987012987012988,0.012987012987012988,0.012987012987012988,0.012987012987012988,0.012987012987012988,0.012987012987012988,0.012987012987012988,0.012987012987012988,0.012987012987012988,0.012987012987012988,0.012987012987012988,0.012987012987012988,0.012987012987012988,0.012987012987012988,0.012987012987012988,0.012987012987012988,0.012987012987012988,0.012987012987012988,0.012987012987012988,0.012987012987012988,0.012987012987012988,0.012987012987012988,0.012987012987012988,0.012987012987012988,0.012987012987012988,0.012987012987012988,0.012987012987012988,0.012987012987012988,0.012987012987012988
NY,1.2456957737895926e+18,0.31032423065204684,0.052573646306028274,0.024567569507790706,130854.90909090909,-0.1691063636363636,-0.18577456493506495,-0.1872388311688312,0.012987012987012988,0.012987012987012988,0.012987012987012988,0.012987012987012988,0.012987012987012988,0.012987012987012988,0.012987012987012988,0.012987012987012988,0.012987012987012988,0.012987012987012988,0.012987012987012988,0.012987012987012988,0.012987012987012988,0.012987012987012988,0.012987012987012988,0.012987012987012988,0.012987012987012988,0.012987012987012988,0.012987012987012988,0.012987012987012988,0.012987012987012988,0.012987012987012988,0.012987012987012988,0.012987012987012988,0.012987012987012988,0.012987012987012988,0.012987012987012988,0.012987012987012988,0.012987012987012988
OH,1.2456931436788657e+18,0.3155487121390255,0.059311050669203495,0.02297810284236033,6665.207792207792,-0.12952768831168832,-0.1285396103896104,-0.14283568831168836,0.012987012987012988,0.012987012987012988,0.012987012987012988,0.012987012987012988,0.012987012987012988,0.012987012987012988,0.012987012987012988,0.012987012987012988,0.012987012987012988,0.012987012987012988,0.012987012987012988,0.012987012987012988,0.012987012987012988,0.012987012987012988,0.012987012987012988,0.012987012987012988,0.012987012987012988,0.012987012987012988,0.012987012987012988,0.012987012987012988,0.012987012987012988,0.012987012987012988,0.012987012987012988,0.012987012987012988,0.012987012987012988,0.012987012987012988,0.012987012987012988,0.012987012987012988,0.012987012987012988
OK,1.2456842693935416e+18,0.31317306524617106,0.05251053357707902,0.009091804924278897,1464.0,-0.07799784415584414,-0.10186558441558441,-0.11220142857142859,0.0,0.0,0.0,0.0,0.0,0.0,0.0,0.0,0.0,0.0,0.0,0.0,0.0,0.0,0.0,0.0,0.0,0.0,0.0,0.0,0.0,0.0,0.0,0.0,0.0,0.0,0.0,0.0,0.0
OR,1.245684716191977e+18,0.32425908638742024,0.04900612182110206,0.021819144203717507,1090.3896103896104,-0.12485079220779222,-0.12196203246753247,-0.18363433766233767,0.012987012987012988,0.012987012987012988,0.012987012987012988,0.012987012987012988,0.012987012987012988,0.012987012987012988,0.012987012987012988,0.012987012987012988,0.012987012987012988,0.012987012987012988,0.012987012987012988,0.012987012987012988,0.012987012987012988,0.012987012987012988,0.012987012987012988,0.012987012987012988,0.012987012987012988,0.012987012987012988,0.012987012987012988,0.012987012987012988,0.012987012987012988,0.012987012987012988,0.012987012987012988,0.012987012987012988,0.012987012987012988,0.012987012987012988,0.012987012987012988,0.012987012987012988,0.012987012987012988
PA,1.245693137259363e+18,0.31081087559122855,0.051508448010424764,0.01859216206103933,18100.85714285714,-0.1365064025974026,-0.15074896103896102,-0.17670597402597404,0.012987012987012988,0.012987012987012988,0.012987012987012988,0.012987012987012988,0.012987012987012988,0.012987012987012988,0.012987012987012988,0.012987012987012988,0.012987012987012988,0.012987012987012988,0.012987012987012988,0.012987012987012988,0.012987012987012988,0.012987012987012988,0.012987012987012988,0.012987012987012988,0.012987012987012988,0.012987012987012988,0.012987012987012988,0.012987012987012988,0.012987012987012988,0.012987012987012988,0.012987012987012988,0.012987012987012988,0.012987012987012988,0.012987012987012988,0.012987012987012988,0.012987012987012988,0.012987012987012988
RI,1.245697121247298e+18,0.31831528485298516,0.04437174121866305,0.03933488581525236,2899.5194805194806,-0.19654006493506493,-0.15155038961038958,-0.23510592207792216,0.012987012987012988,0.012987012987012988,0.012987012987012988,0.012987012987012988,0.012987012987012988,0.012987012987012988,0.012987012987012988,0.012987012987012988,0.012987012987012988,0.012987012987012988,0.012987012987012988,0.012987012987012988,0.012987012987012988,0.012987012987012988,0.012987012987012988,0.012987012987012988,0.012987012987012988,0.012987012987012988,0.012987012987012988,0.012987012987012988,0.012987012987012988,0.012987012987012988,0.012987012987012988,0.012987012987012988,0.012987012987012988,0.012987012987012988,0.012987012987012988,0.012987012987012988,0.012987012987012988
SC,1.2456937898516813e+18,0.31629134822242894,0.05120572131422113,0.022705265503920286,2456.8311688311687,-0.11763565194805198,-0.10349610389610388,-0.13642883116883117,0.012987012987012988,0.012987012987012988,0.012987012987012988,0.012987012987012988,0.012987012987012988,0.012987012987012988,0.012987012987012988,0.012987012987012988,0.012987012987012988,0.012987012987012988,0.012987012987012988,0.012987012987012988,0.012987012987012988,0.012987012987012988,0.012987012987012988,0.012987012987012988,0.012987012987012988,0.012987012987012988,0.012987012987012988,0.012987012987012988,0.012987012987012988,0.012987012987012988,0.012987012987012988,0.012987012987012988,0.012987012987012988,0.012987012987012988,0.012987012987012988,0.012987012987012988,0.012987012987012988
SD,1.2458703946013066e+18,0.3385892551700704,0.05166668305460363,0.04943356899178877,865.9078947368421,-0.06902898684210527,-0.1133809473684211,-0.18935736842105264,0.0,0.0,0.0,0.0,0.0,0.0,0.0,0.0,0.0,0.0,0.0,0.0,0.0,0.0,0.0,0.0,0.0,0.0,0.0,0.0,0.0,0.0,0.0,0.0,0.0,0.0,0.0,0.0,0.0
TN,1.2456906960008934e+18,0.30860974486002857,0.04937147411770909,0.029873416406095858,4356.025974025974,-0.0976781818181818,-0.10549610389610392,-0.08131649350649352,0.012987012987012988,0.012987012987012988,0.012987012987012988,0.012987012987012988,0.012987012987012988,0.012987012987012988,0.012987012987012988,0.012987012987012988,0.012987012987012988,0.012987012987012988,0.012987012987012988,0.012987012987012988,0.012987012987012988,0.012987012987012988,0.012987012987012988,0.012987012987012988,0.012987012987012988,0.012987012987012988,0.012987012987012988,0.012987012987012988,0.012987012987012988,0.012987012987012988,0.012987012987012988,0.012987012987012988,0.012987012987012988,0.012987012987012988,0.012987012987012988,0.012987012987012988,0.012987012987012988
TX,1.2456887549913231e+18,0.30469646859459604,0.04642274892584749,0.013746733673482675,11240.0,-0.08976692207792206,-0.13993492207792205,-0.14884033766233762,0.012987012987012988,0.012987012987012988,0.012987012987012988,0.012987012987012988,0.012987012987012988,0.012987012987012988,0.012987012987012988,0.012987012987012988,0.012987012987012988,0.012987012987012988,0.012987012987012988,0.012987012987012988,0.012987012987012988,0.012987012987012988,0.012987012987012988,0.012987012987012988,0.012987012987012988,0.012987012987012988,0.012987012987012988,0.012987012987012988,0.012987012987012988,0.012987012987012988,0.012987012987012988,0.012987012987012988,0.012987012987012988,0.012987012987012988,0.012987012987012988,0.012987012987012988,0.012987012987012988
UT,1.2456808846930708e+18,0.3333618778999183,0.05878078701166806,0.029299173181442057,1859.8181818181818,-0.09849544155844157,-0.12204662337662336,-0.1364855064935065,0.0,0.0,0.0,0.0,0.0,0.0,0.0,0.0,0.0,0.0,0.0,0.0,0.0,0.0,0.0,0.0,0.0,0.0,0.0,0.0,0.0,0.0,0.0,0.0,0.0,0.0,0.0,0.0,0.0
VA,1.2456957480077932e+18,0.3059775331982037,0.05532930063793012,0.023878357939311496,5654.272727272727,-0.09686753246753244,-0.14114522467532475,-0.16998962337662338,0.012987012987012988,0.012987012987012988,0.012987012987012988,0.012987012987012988,0.012987012987012988,0.012987012987012988,0.012987012987012988,0.012987012987012988,0.012987012987012988,0.012987012987012988,0.012987012987012988,0.012987012987012988,0.012987012987012988,0.012987012987012988,0.012987012987012988,0.012987012987012988,0.012987012987012988,0.012987012987012988,0.012987012987012988,0.012987012987012988,0.012987012987012988,0.012987012987012988,0.012987012987012988,0.012987012987012988,0.012987012987012988,0.012987012987012988,0.012987012987012988,0.012987012987012988,0.012987012987012988
VT,1.245873187045879e+18,0.3362260241117363,0.08785596383377656,0.06408231091009786,421.9605263157895,-0.20572368421052636,-0.14821709210526315,-0.11378027631578946,0.013157894736842105,0.013157894736842105,0.013157894736842105,0.013157894736842105,0.013157894736842105,0.013157894736842105,0.013157894736842105,0.013157894736842105,0.013157894736842105,0.013157894736842105,0.013157894736842105,0.013157894736842105,0.013157894736842105,0.013157894736842105,0.013157894736842105,0.013157894736842105,0.013157894736842105,0.013157894736842105,0.013157894736842105,0.013157894736842105,0.013157894736842105,0.013157894736842105,0.013157894736842105,0.013157894736842105,0.013157894736842105,0.013157894736842105,0.013157894736842105,0.013157894736842105,0.013157894736842105
WA,1.2456781513896056e+18,0.32661560959469016,0.06192126060281472,0.03299261959909787,7006.376623376624,-0.12139545454545457,-0.14880545454545457,-0.19469489610389612,0.012987012987012988,0.012987012987012988,0.012987012987012988,0.012987012987012988,0.012987012987012988,0.012987012987012988,0.012987012987012988,0.012987012987012988,0.012987012987012988,0.012987012987012988,0.012987012987012988,0.012987012987012988,0.012987012987012988,0.012987012987012988,0.012987012987012988,0.012987012987012988,0.012987012987012988,0.012987012987012988,0.012987012987012988,0.012987012987012988,0.012987012987012988,0.012987012987012988,0.012987012987012988,0.012987012987012988,0.012987012987012988,0.012987012987012988,0.012987012987012988,0.012987012987012988,0.012987012987012988
WI,1.2456841542034929e+18,0.32287324558646574,0.059215919253942546,0.014224175068968852,2831.5194805194806,-0.1021063727272727,-0.1333284415584416,-0.16752324675324673,0.012987012987012988,0.012987012987012988,0.012987012987012988,0.012987012987012988,0.012987012987012988,0.012987012987012988,0.012987012987012988,0.012987012987012988,0.012987012987012988,0.012987012987012988,0.012987012987012988,0.012987012987012988,0.012987012987012988,0.012987012987012988,0.012987012987012988,0.012987012987012988,0.012987012987012988,0.012987012987012988,0.012987012987012988,0.012987012987012988,0.012987012987012988,0.012987012987012988,0.012987012987012988,0.012987012987012988,0.012987012987012988,0.012987012987012988,0.012987012987012988,0.012987012987012988,0.012987012987012988
WV,1.245868427055554e+18,0.3274938263697791,0.05363076211367432,0.03549975270549013,457.7894736842105,-0.11120526315789477,-0.10301789473684207,-0.10994677631578945,0.013157894736842105,0.013157894736842105,0.013157894736842105,0.013157894736842105,0.013157894736842105,0.013157894736842105,0.013157894736842105,0.013157894736842105,0.013157894736842105,0.013157894736842105,0.013157894736842105,0.013157894736842105,0.013157894736842105,0.013157894736842105,0.013157894736842105,0.013157894736842105,0.013157894736842105,0.013157894736842105,0.013157894736842105,0.013157894736842105,0.013157894736842105,0.013157894736842105,0.013157894736842105,0.013157894736842105,0.013157894736842105,0.013157894736842105,0.013157894736842105,0.013157894736842105,0.013157894736842105
WY,1.2461317479792422e+18,0.37777645244771857,0.0220524926844935,-0.0014403532916032896,242.14864864864865,-0.09196486486486485,-0.10263139189189191,-0.10970472972972968,0.0,0.0,0.0,0.0,0.0,0.0,0.0,0.0,0.0,0.0,0.0,0.0,0.0,0.0,0.0,0.0,0.0,0.0,0.0,0.0,0.0,0.0,0.0,0.0,0.0,0.0,0.0,0.0,0.0
